worker_id,external_id,judgments_count,missed_count,golds_count,forgiven_count,channel,country,region,city,last_ip,flagged_at,rejected_at,bonus,flag_reason,trust_overall,submission_rate
5870728,4027620,0,0,0,0,prodege,,,,,,,0,,1.0,0
6333832,2179244,0,0,0,0,clixsense,,,,,,,0,,1.0,0
6333857,3202621,0,0,0,0,clixsense,,,,,,,0,,1.0,0
6336251,3289832,0,0,0,0,clixsense,,,,,,,0,,1.0,0
6342275,2118004,0,0,0,0,clixsense,,,,,,,0,,1.0,0
6363066,3740213,0,0,0,0,clixsense,,,,,,,0,,1.0,0
6450759,2088064,0,0,0,0,clixsense,,,,,,,0,,1.0,0
6823072,2655501,0,0,0,0,clixsense,,,,,,,0,,1.0,0
11003055,8FFAE287417FAF96AADFB62A30C6BB71,0,0,0,0,neodev,,,,,,,0,,1.0,0
11085704,35CB7ED6444E4C1A044935D48A84480F,0,0,0,0,neodev,,,,,,,0,,1.0,0
11557024,01A56FF0A038C82CBD9CE4BD64DFB8C1,0,0,0,0,neodev,,,,,,,0,,1.0,0
11658682,312A1D0475378E0559F2CAAFA4DBDBA2,0,0,0,0,neodev,,,,,,,0,,1.0,0
12542684,3387746,0,0,0,0,clixsense,,,,,,,0,,1.0,0
13396426,5CB26AF9CD20D7E541A29D4352C72707,0,0,0,0,neodev,,,,,,,0,,1.0,0
13842059,jimlee,0,0,0,0,instagc,,,,,,,0,,1.0,0
14073714,590BE2733ABF40B841A29D4352C72707,0,0,0,0,neodev,,,,,,,0,,1.0,0
14472526,4861410,0,0,0,0,clixsense,,,,,,,0,,1.0,0
15004831,DeDe1961,0,0,0,0,instagc,,,,,,,0,,1.0,0
15358816,4965284,0,0,0,0,clixsense,,,,,,,0,,1.0,0
15366051,157C8BD8A9762BAA93CA06397A287A80,0,0,0,0,neodev,,,,,,,0,,1.0,0
17708868,5324406,0,0,0,0,clixsense,,,,,,,0,,1.0,0
19302668,zaneoneal52,0,0,0,0,instagc,,,,,,,0,,1.0,0
19543823,8354722,0,0,0,0,prodege,,,,,,,0,,1.0,0
19548675,2649809,0,0,0,0,clixsense,,,,,,,0,,1.0,0
19987712,F49A9E810241BD980DD4E15F98F7C799,0,0,0,0,neodev,,,,,,,0,,1.0,0
20076528,AE974E0D3AB4C98A6964A2442E880D82,0,0,0,0,neodev,,,,,,,0,,1.0,0
20764083,41F0BBA36AA52DAE2BFA95FAD8D0CB36,0,0,0,0,neodev,,,,,,,0,,1.0,0
21110164,56440,0,0,0,0,gifthunterclub,,,,,,,0,,1.0,0
21665495,5980126,0,0,0,0,clixsense,,,,,,,0,,1.0,0
21781365,5997401,0,0,0,0,clixsense,,,,,,,0,,1.0,0
22346229,94F87F6E623E86D0BD9CE4BD64DFB8C1,1,0,0,0,neodev,BGR,61,Varna,95.42.61.151,,,0,,1.0,0
22423108,6111933,0,0,0,0,clixsense,,,,,,,0,,1.0,0
23816226,6196609,0,0,0,0,clixsense,,,,,,,0,,1.0,0
24425089,5E7FFDAB330D47E60FA9E28369487118,0,0,0,0,neodev,,,,,,,0,,1.0,0
24577513,ABF5983C45C100FD0DD4E15F98F7C799,0,0,0,0,neodev,,,,,,,0,,1.0,0
24634295,6251728,0,0,0,0,clixsense,,,,,,,0,,1.0,0
25907194,6337572,0,0,0,0,clixsense,,,,,,,0,,1.0,0
26005802,tigron41,0,0,0,0,instagc,,,,,,,0,,1.0,0
27009321,5902,0,0,0,0,elite,,,,,,,0,,1.0,0
28594565,joanneivyrazon,0,0,0,0,instagc,,,,,,,0,,1.0,0
28720189,6602809,0,0,0,0,clixsense,,,,,,,0,,1.0,0
28769627,17475,0,0,0,0,elite,,,,,,,0,,1.0,0
28835210,6619097,0,0,0,0,clixsense,,,,,,,0,,1.0,0
28839368,6619822,0,0,0,0,clixsense,,,,,,,0,,1.0,0
29197974,12202170,0,0,0,0,prodege,,,,,,,0,,1.0,0
29768955,29676,0,0,0,0,elite,,,,,,,0,,1.0,0
30118765,909490,0,0,0,0,tremorgames,,,,,,,0,,1.0,0
30128662,34440,0,0,0,0,elite,,,,,,,0,,1.0,0
30201104,F0B702DB9DA64886BD9CE4BD64DFB8C1,0,0,0,0,neodev,,,,,,,0,,1.0,0
30260697,6868721,0,0,0,0,clixsense,,,,,,,0,,1.0,0
30676393,6976003,0,0,0,0,clixsense,,,,,,,0,,1.0,0
30787424,6A7FADDA1CA492A9DD6A67EA287D2489,0,0,0,0,neodev,,,,,,,0,,1.0,0
31503638,E20009AC4397A3140FA9E28369487118,0,0,0,0,neodev,,,,,,,0,,1.0,0
31598591,7215529,0,0,0,0,clixsense,,,,,,,0,,1.0,0
31658862,7194127,0,0,0,0,clixsense,,,,,,,0,,1.0,0
31860859,sexyprincess,0,0,0,0,instagc,,,,,,,0,,1.0,0
32029584,EEDF7896DFD0C50493CA06397A287A80,0,0,0,0,neodev,,,,,,,0,,1.0,0
32198929,DC1B89CD4926718C2BFA95FAD8D0CB36,0,0,0,0,neodev,,,,,,,0,,1.0,0
32440601,6387B84C3A148054044935D48A84480F,0,0,0,0,neodev,,,,,,,0,,1.0,0
32512686,506694F5E7816A6641A29D4352C72707,0,0,0,0,neodev,,,,,,,0,,1.0,0
32633128,67447,1,0,0,0,elite,DZA,"","",105.98.173.23,,,0,,1.0,60
32671231,82EEAB18E6EA7ACFBD9CE4BD64DFB8C1,0,0,0,0,neodev,,,,,,,0,,1.0,0
32728424,7547876,0,0,0,0,clixsense,,,,,,,0,,1.0,0
32750160,568,0,0,0,0,imerit_india,,,,,,,0,,1.0,0
32878697,02D68FF0F2BAAE9E0FA9E28369487118,0,0,0,0,neodev,,,,,,,0,,1.0,0
32977111,1C0EDBD258290DC50FA9E28369487118,0,0,0,0,neodev,,,,,,,0,,1.0,0
33346188,AB914304DBEFDAF724750D543524A854,0,0,0,0,neodev,,,,,,,0,,1.0,0
33434416,mad77,0,0,0,0,instagc,,,,,,,0,,1.0,0
33445894,ACA07A37BFBC20BA0FA9E28369487118,0,0,0,0,neodev,,,,,,,0,,1.0,0
33495605,5952448,0,0,0,0,clixsense,,,,,,,0,,1.0,0
33593385,felipeterry,0,0,0,0,instagc,,,,,,,0,,1.0,0
33810117,79304,0,0,0,0,elite,,,,,,,0,,1.0,0
33870773,7872700,0,0,0,0,clixsense,,,,,,,0,,1.0,0
34012716,A5F21FFF0A09887C3C3F520A53732EBF,0,0,0,0,neodev,,,,,,,0,,1.0,0
34260099,4323340,0,0,0,0,clixsense,,,,,,,0,,1.0,0
34284540,191B29F713CFEE5A646998E1CBB70BF7,0,0,0,0,neodev,,,,,,,0,,1.0,0
34310805,D4B54E3EBC9898C6807A1C1B93AA3314,0,0,0,0,neodev,,,,,,,0,,1.0,0
34448616,61A35392309A3E27B6CB1911CE467178,0,0,0,0,neodev,,,,,,,0,,1.0,0
34694759,8123729,0,0,0,0,clixsense,,,,,,,0,,1.0,0
34727539,EAECF5322931A38A0DD4E15F98F7C799,0,0,0,0,neodev,,,,,,,0,,1.0,0
34996121,7D2ACE90DD2164EC2EFD2A28AE2C3FB7,0,0,0,0,neodev,,,,,,,0,,1.0,0
35122844,8240958,0,0,0,0,clixsense,,,,,,,0,,1.0,0
35271549,96139,0,0,0,0,elite,,,,,,,0,,1.0,0
35333865,8328502,0,0,0,0,clixsense,,,,,,,0,,1.0,0
35354906,8349444,0,0,0,0,clixsense,,,,,,,0,,1.0,0
35380286,355E74CD8F10FE9BB61ED642EC5D9C7B,0,0,0,0,neodev,,,,,,,0,,1.0,0
35441441,8379719,0,0,0,0,clixsense,,,,,,,0,,1.0,0
35555268,8000000001280953929,0,0,0,0,superrewards,,,,,,,0,,1.0,0
35595022,70415C7478A69A27E0F410E778370DBC,0,0,0,0,neodev,,,,,,,0,,1.0,0
35683842,8467079,0,0,0,0,clixsense,,,,,,,0,,1.0,0
35780372,1E568D2DC69ABAA9C72447F05A7256A4,0,0,0,0,neodev,,,,,,,0,,1.0,0
35821714,6AA9216E5082B7C8143E2E32438F3B0E,0,0,0,0,neodev,,,,,,,0,,1.0,0
35832653,Xratedrockstar,0,0,0,0,instagc,,,,,,,0,,1.0,0
35902657,8545896,0,0,0,0,clixsense,,,,,,,0,,1.0,0
35978264,8542426,0,0,0,0,clixsense,,,,,,,0,,1.0,0
36100283,446605,0,0,0,0,gifthunterclub,,,,,,,0,,1.0,0
36113457,8B1510A0C617C805A72773646D413314,0,0,0,0,neodev,,,,,,,0,,1.0,0
36267599,8668165,0,0,0,0,clixsense,,,,,,,0,,1.0,0
36551747,8771757,0,0,0,0,clixsense,,,,,,,0,,1.0,0
36752296,120584,0,0,0,0,elite,,,,,,,0,,1.0,0
36826029,1804675,0,0,0,0,tremorgames,,,,,,,0,,1.0,0
36936649,8913618,0,0,0,0,clixsense,,,,,,,0,,1.0,0
36951278,8919467,0,0,0,0,clixsense,,,,,,,0,,1.0,0
36985538,6EE7F0B63FB90A84B54F3332206396E9,0,0,0,0,neodev,,,,,,,0,,1.0,0
37101159,bbangeles2005,0,0,0,0,instagc,,,,,,,0,,1.0,0
37138569,8988995,0,0,0,0,clixsense,,,,,,,0,,1.0,0
37224976,9020596,0,0,0,0,clixsense,,,,,,,0,,1.0,0
37282589,9043154,0,0,0,0,clixsense,,,,,,,0,,1.0,0
37392367,7B580439FDE5B4D46E334AF42C1D2A3F,0,0,0,0,neodev,,,,,,,0,,1.0,0
37454844,9099643,0,0,0,0,clixsense,,,,,,,0,,1.0,0
37464671,7836679,0,0,0,0,clixsense,,,,,,,0,,1.0,0
37482402,129130,0,0,0,0,elite,,,,,,,0,,1.0,0
37588599,38A36310CE6D71716BDCD589D6BB8CA1,0,0,0,0,neodev,,,,,,,0,,1.0,0
37684886,131155,0,0,0,0,elite,,,,,,,0,,1.0,0
37739653,073D13DC6AE76098E0F410E778370DBC,0,0,0,0,neodev,,,,,,,0,,1.0,0
37778276,C67472E1A95884BA544E98A5532E411B,1,0,0,0,neodev,VEN,23,Barranquitas,190.124.30.10,,,0,,1.0,0
37853915,9227419,0,0,0,0,clixsense,,,,,,,0,,1.0,0
37906910,A40C6CEABFC3F11DB6CD945299117BED,0,0,0,0,neodev,,,,,,,0,,1.0,0
37953692,C84BD9543B2C5B7DE072395DC2023399,0,0,0,0,neodev,,,,,,,0,,1.0,0
37967419,134579,0,0,0,0,elite,,,,,,,0,,1.0,0
38064537,9252590,0,0,0,0,clixsense,,,,,,,0,,1.0,0
38258094,1417692,0,0,0,0,prodege,,,,,,,0,,1.0,0
38419350,9408851,0,0,0,0,clixsense,,,,,,,0,,1.0,0
38510102,F00E3E4386D988AE23F77D1F6B68FDEC,0,0,0,0,neodev,,,,,,,0,,1.0,0
38582791,9457139,0,0,0,0,clixsense,,,,,,,0,,1.0,0
38671855,145085,0,0,0,0,elite,,,,,,,0,,1.0,0
38687457,9490292,0,0,0,0,clixsense,,,,,,,0,,1.0,0
38712495,polpopki,0,0,0,0,getpaid,,,,,,,0,,1.0,0
38777123,4190BCA984478FB70838C9B4A7C5B92A,0,0,0,0,neodev,,,,,,,0,,1.0,0
38896482,9562036,0,0,0,0,clixsense,,,,,,,0,,1.0,0
38964279,Artur52,0,0,0,0,instagc,,,,,,,0,,1.0,0
39036564,AC2EDEFC377A2D445213CA1A0E82036F,0,0,0,0,neodev,,,,,,,0,,1.0,0
39040091,4CF14C162CF62C00DE1C1F776E860E31,0,0,0,0,neodev,,,,,,,0,,1.0,0
39055475,5656,0,0,0,0,content_runner,,,,,,,0,,1.0,0
39059719,A17A004E5BA1DCC2BD4231B0CD821AB6,0,0,0,0,neodev,,,,,,,0,,1.0,0
39069685,9551602,0,0,0,0,clixsense,,,,,,,0,,1.0,0
39185264,1FE1A398A41D41E85213CA1A0E82036F,0,0,0,0,neodev,,,,,,,0,,1.0,0
39193266,6520BE4DAE0C7CB9DC1CF3E1D84EE58C,0,0,0,0,neodev,,,,,,,0,,1.0,0
39296334,3ED2EB8AEF4B7AEE2EFD2A28AE2C3FB7,0,0,0,0,neodev,,,,,,,0,,1.0,0
39436591,157547,0,0,0,0,elite,,,,,,,0,,1.0,0
39465667,9730732,0,0,0,0,clixsense,,,,,,,0,,1.0,0
39517779,9738710,0,0,0,0,clixsense,,,,,,,0,,1.0,0
39661164,70153002ACC34395204CFC72B9696897,0,0,0,0,neodev,,,,,,,0,,1.0,0
39752853,2FF07B2D467C1DE6E0F410E778370DBC,0,0,0,0,neodev,,,,,,,0,,1.0,0
39759810,981050482DD957D6F063FCF4079B2070,0,0,0,0,neodev,,,,,,,0,,1.0,0
39773701,0D7BF77A54AD5703B6CD945299117BED,0,0,0,0,neodev,,,,,,,0,,1.0,0
39829052,99350,0,0,0,0,clickworker,,,,,,,0,,1.0,0
39862764,6221E70ED00B7F0D3BE56A74FD3D6324,0,0,0,0,neodev,,,,,,,0,,1.0,0
39920459,D9825CAB6CC6B24E6E334AF42C1D2A3F,0,0,0,0,neodev,,,,,,,0,,1.0,0
39939687,00BAE8A92F17C2F8999200CE4C413AA0,0,0,0,0,neodev,,,,,,,0,,1.0,0
39993352,FC1B89DC3E7746346BDCD589D6BB8CA1,0,0,0,0,neodev,,,,,,,0,,1.0,0
39996264,4BA43FE7B9DF19CEB6CB1911CE467178,0,0,0,0,neodev,,,,,,,0,,1.0,0
40017708,88060D771EEAC38C18E09C610F0867AA,0,0,0,0,neodev,,,,,,,0,,1.0,0
40055468,9921728,0,0,0,0,clixsense,,,,,,,0,,1.0,0
40076105,9935063,0,0,0,0,clixsense,,,,,,,0,,1.0,0
40138957,6B6162C7D358BDB8E072395DC2023399,0,0,0,0,neodev,,,,,,,0,,1.0,0
40170095,4593D7C70E1C0927918922EDCDEE9BBA,0,0,0,0,neodev,,,,,,,0,,1.0,0
40180342,60F64E7B355F313A8D7FCC5998E70925,0,0,0,0,neodev,,,,,,,0,,1.0,0
40206149,9984950,0,0,0,0,clixsense,,,,,,,0,,1.0,0
40214135,167956,0,0,0,0,elite,,,,,,,0,,1.0,0
40214667,35CD33FFD50C026878DA480E7D9ACC4E,0,0,0,0,neodev,,,,,,,0,,1.0,0
40243191,DA5B0C7A071F13B03BE56A74FD3D6324,0,0,0,0,neodev,,,,,,,0,,1.0,0
40263699,0BCDCC1A19E4574FBD4231B0CD821AB6,0,0,0,0,neodev,,,,,,,0,,1.0,0
40289526,10016858,0,0,0,0,clixsense,,,,,,,0,,1.0,0
40290667,10007116,0,0,0,0,clixsense,,,,,,,0,,1.0,0
40306959,13562,0,0,0,0,daproimafrica,,,,,,,0,,1.0,0
40389433,10017502,0,0,0,0,clixsense,,,,,,,0,,1.0,0
40393929,ED133753AF754440DC1CF3E1D84EE58C,0,0,0,0,neodev,,,,,,,0,,1.0,0
40417205,0F708FD444D05470646998E1CBB70BF7,0,0,0,0,neodev,,,,,,,0,,1.0,0
40499965,6285221F699C97D68D7FCC5998E70925,0,0,0,0,neodev,,,,,,,0,,1.0,0
40535317,10108261,0,0,0,0,clixsense,,,,,,,0,,1.0,0
40557293,10114902,0,0,0,0,clixsense,,,,,,,0,,1.0,0
40562039,9EC618379005A07096031965FDA9D41F,0,0,0,0,neodev,,,,,,,0,,1.0,0
40619580,10139352,0,0,0,0,clixsense,,,,,,,0,,1.0,0
40632132,173508,0,0,0,0,elite,,,,,,,0,,1.0,0
40637350,1CBB87EAFB2E98EAB2BF0A8E0CA6A523,0,0,0,0,neodev,,,,,,,0,,1.0,0
40652679,173825,0,0,0,0,elite,,,,,,,0,,1.0,0
40723897,10176221,0,0,0,0,clixsense,,,,,,,0,,1.0,0
40753034,50ED3F062017396473E05796892CA53D,0,0,0,0,neodev,,,,,,,0,,1.0,0
40769128,175174,0,0,0,0,elite,,,,,,,0,,1.0,0
40846833,10200653,0,0,0,0,clixsense,,,,,,,0,,1.0,0
40890043,186BD7DD8A1ED70B13B45070835AF903,0,0,0,0,neodev,,,,,,,0,,1.0,0
40971916,3FA93D5430579C39DEC62BDF2B4C9E80,0,0,0,0,neodev,,,,,,,0,,1.0,0
41054418,10295019,0,0,0,0,clixsense,,,,,,,0,,1.0,0
41128989,179626,0,0,0,0,elite,,,,,,,0,,1.0,0
41135507,F4A07ADB1527A9D51C4225EF31E8C1E3,0,0,0,0,neodev,,,,,,,0,,1.0,0
41221027,10310050,0,0,0,0,clixsense,,,,,,,0,,1.0,0
41249769,D26D46E653C49B8AD4AEAD5A57F84A6A,0,0,0,0,neodev,,,,,,,0,,1.0,0
41347559,10406764,0,0,0,0,clixsense,,,,,,,0,,1.0,0
41387391,10424388,0,0,0,0,clixsense,,,,,,,0,,1.0,0
41473993,58F0F89E4A8A52FEDEE40461DA32D81A,0,0,0,0,neodev,,,,,,,0,,1.0,0
41488058,10468278,0,0,0,0,clixsense,,,,,,,0,,1.0,0
41496019,10460945,0,0,0,0,clixsense,,,,,,,0,,1.0,0
41556718,185535,0,0,0,0,elite,,,,,,,0,,1.0,0
41611903,10519216,0,0,0,0,clixsense,,,,,,,0,,1.0,0
41652222,10535100,0,0,0,0,clixsense,,,,,,,0,,1.0,0
41683720,D1B1ADC04454F21AB0D4CB6DCC18E8F9,0,0,0,0,neodev,,,,,,,0,,1.0,0
41807814,B9A9D2B2094FFEC0BE5B53C0735AAA92,0,0,0,0,neodev,,,,,,,0,,1.0,0
41840448,9960262,0,0,0,0,clixsense,,,,,,,0,,1.0,0
41857676,10584691,0,0,0,0,clixsense,,,,,,,0,,1.0,0
41884465,10446782,0,0,0,0,clixsense,,,,,,,0,,1.0,0
41955198,191352,0,0,0,0,elite,,,,,,,0,,1.0,0
41964783,191531,0,0,0,0,elite,,,,,,,0,,1.0,0
41966290,10663558,0,0,0,0,clixsense,,,,,,,0,,1.0,0
41991405,191965,0,0,0,0,elite,,,,,,,0,,1.0,0
42011771,192229,0,0,0,0,elite,,,,,,,0,,1.0,0
42126087,10727663,0,0,0,0,clixsense,,,,,,,0,,1.0,0
42150561,194305,0,0,0,0,elite,,,,,,,0,,1.0,0
42254325,195977,0,0,0,0,elite,,,,,,,0,,1.0,0
42298504,197021,0,0,0,0,elite,,,,,,,0,,1.0,0
42301903,D98EA661E53A6F9DF063FCF4079B2070,0,0,0,0,neodev,,,,,,,0,,1.0,0
42310829,1EB920DD75D78B8578DA480E7D9ACC4E,0,0,0,0,neodev,,,,,,,0,,1.0,0
42326041,197523,0,0,0,0,elite,,,,,,,0,,1.0,0
42358952,1A56C6D642FFE12FBACEFE911F27E775,0,0,0,0,neodev,,,,,,,0,,1.0,0
42407373,E8D5772BAB5F5250F063FCF4079B2070,0,0,0,0,neodev,,,,,,,0,,1.0,0
42437157,199451,0,0,0,0,elite,,,,,,,0,,1.0,0
42446750,199684,0,0,0,0,elite,,,,,,,0,,1.0,0
42459096,199916,0,0,0,0,elite,,,,,,,0,,1.0,0
42479591,200330,0,0,0,0,elite,,,,,,,0,,1.0,0
42491878,10868752,0,0,0,0,clixsense,,,,,,,0,,1.0,0
42503638,200896,0,0,0,0,elite,,,,,,,0,,1.0,0
42562362,10898212,0,0,0,0,clixsense,,,,,,,0,,1.0,0
42643620,583D8C5B70DE3AE10838C9B4A7C5B92A,0,0,0,0,neodev,,,,,,,0,,1.0,0
42690976,02B14A72BC4068F4BE5B53C0735AAA92,0,0,0,0,neodev,,,,,,,0,,1.0,0
42696194,10952481,0,0,0,0,clixsense,,,,,,,0,,1.0,0
42729544,10964340,0,0,0,0,clixsense,,,,,,,0,,1.0,0
42739585,10957725,0,0,0,0,clixsense,,,,,,,0,,1.0,0
42760856,9763288,0,0,0,0,clixsense,,,,,,,0,,1.0,0
42864185,817A65982DCF56DC4871439227C458B1,0,0,0,0,neodev,,,,,,,0,,1.0,0
42883359,11027517,0,0,0,0,clixsense,,,,,,,0,,1.0,0
42884729,3387F8F63D40E301DEE40461DA32D81A,0,0,0,0,neodev,,,,,,,0,,1.0,0
42891260,208323,0,0,0,0,elite,,,,,,,0,,1.0,0
42919790,A9601C5CB7BEF70C2C49F30A9F655560,0,0,0,0,neodev,,,,,,,0,,1.0,0
42975283,3A4626B151880F53826BDFD07EE23BF9,0,0,0,0,neodev,,,,,,,0,,1.0,0
43028695,C9C7910006248C2330A97108728B0765,0,0,0,0,neodev,,,,,,,0,,1.0,0
43029871,11087947,0,0,0,0,clixsense,,,,,,,0,,1.0,0
43065618,6E8C1982A652B6E813B45070835AF903,0,0,0,0,neodev,,,,,,,0,,1.0,0
43120679,213281,0,0,0,0,elite,,,,,,,0,,1.0,0
43142836,213798,0,0,0,0,elite,,,,,,,0,,1.0,0
43151235,214019,0,0,0,0,elite,,,,,,,0,,1.0,0
43160111,214275,0,0,0,0,elite,,,,,,,0,,1.0,0
43180069,FD32A8C4D08C6B14498878444F81137D,0,0,0,0,neodev,,,,,,,0,,1.0,0
43193707,D1C6F3BF4B7E2000BE5B53C0735AAA92,0,0,0,0,neodev,,,,,,,0,,1.0,0
43220017,ABDD4C15F15076DB8FB2D67A827566BC,0,0,0,0,neodev,,,,,,,0,,1.0,0
43245439,10842906,0,0,0,0,clixsense,,,,,,,0,,1.0,0
43250263,11183673,0,0,0,0,clixsense,,,,,,,0,,1.0,0
43253998,9E8A93BBDDD96A983BE56A74FD3D6324,0,0,0,0,neodev,,,,,,,0,,1.0,0
43266123,11189894,0,0,0,0,clixsense,,,,,,,0,,1.0,0
43290162,F2263F79D47CC859274850ECB9537659,0,0,0,0,neodev,,,,,,,0,,1.0,0
43297228,216971,0,0,0,0,elite,,,,,,,0,,1.0,0
43310748,D86F4B32B8981723B0D4CB6DCC18E8F9,0,0,0,0,neodev,,,,,,,0,,1.0,0
43319960,217357,0,0,0,0,elite,,,,,,,0,,1.0,0
43347584,AF79A24395ECBB185B2F430C4460AB1B,0,0,0,0,neodev,,,,,,,0,,1.0,0
43348892,5BBF5E9706D14CA96E334AF42C1D2A3F,0,0,0,0,neodev,,,,,,,0,,1.0,0
43354039,AB45BED08C24F68C646998E1CBB70BF7,0,0,0,0,neodev,,,,,,,0,,1.0,0
43357182,11233285,0,0,0,0,clixsense,,,,,,,0,,1.0,0
43438357,219640,0,0,0,0,elite,,,,,,,0,,1.0,0
43489158,AEE08032B8A9F70F472838DCC118E03B,0,0,0,0,neodev,,,,,,,0,,1.0,0
43509684,11294301,1,0,0,0,clixsense,PAK,02,Quetta,182.183.169.38,,,0,,1.0,0
43528397,221178,0,0,0,0,elite,,,,,,,0,,1.0,0
43531815,03889D421A1FFFE91469C240903A77DC,0,0,0,0,neodev,,,,,,,0,,1.0,0
43537685,4DD68B4E25AC8890B61ED642EC5D9C7B,1,0,0,0,neodev,EGY,11,Cairo,196.221.161.52,,,0,,1.0,0
43543719,11307716,0,0,0,0,clixsense,,,,,,,0,,1.0,0
43544043,221509,0,0,0,0,elite,,,,,,,0,,1.0,0
43544389,221521,0,0,0,0,elite,,,,,,,0,,1.0,0
43574213,3A2DB5031637FA42B111F2FF000D7505,0,0,0,0,neodev,,,,,,,0,,1.0,0
43577997,F5CDA1CFE01BEBBD8FB2D67A827566BC,0,0,0,0,neodev,,,,,,,0,,1.0,0
43579377,C351E5FE87B986ACD73D67AA042E19A6,0,0,0,0,neodev,,,,,,,0,,1.0,0
43589128,222289,0,0,0,0,elite,,,,,,,0,,1.0,0
43591404,52681DD76C4EF97DDEC62BDF2B4C9E80,0,0,0,0,neodev,,,,,,,0,,1.0,0
43605941,222997,0,0,0,0,elite,,,,,,,0,,1.0,0
43607998,223233,0,0,0,0,elite,,,,,,,0,,1.0,0
43611385,1806522621DC9FF4DEF77F94FE295A6E,0,0,0,0,neodev,,,,,,,0,,1.0,0
43612419,5AF1314A1D57F38CEEFE8AB986B65DBB,0,0,0,0,neodev,,,,,,,0,,1.0,0
43615702,11358749,0,0,0,0,clixsense,,,,,,,0,,1.0,0
43615764,649C2F0308229E8F0190D045FA0FE982,0,0,0,0,neodev,,,,,,,0,,1.0,0
43615851,1543B30F3DC5AAB1F063FCF4079B2070,0,0,0,0,neodev,,,,,,,0,,1.0,0
43618196,11369588,0,0,0,0,clixsense,,,,,,,0,,1.0,0
43618751,C488078907157F35DEE40461DA32D81A,0,0,0,0,neodev,,,,,,,0,,1.0,0
43623666,4DF277C6E75E3DDC228BDA32B94EEF9C,0,0,0,0,neodev,,,,,,,0,,1.0,0
43628225,21160F06D296D1B5D4AEAD5A57F84A6A,0,0,0,0,neodev,,,,,,,0,,1.0,0
43633682,11389855,0,0,0,0,clixsense,,,,,,,0,,1.0,0
43639715,226261,0,0,0,0,elite,,,,,,,0,,1.0,0
43640114,8F06573BA08FF95416C8E61001D64B85,0,0,0,0,neodev,,,,,,,0,,1.0,0
43644467,44AED49414533E2D8D7FCC5998E70925,0,0,0,0,neodev,,,,,,,0,,1.0,0
43650019,227145,0,0,0,0,elite,,,,,,,0,,1.0,0
43655403,1E67CDF8C68799FC646998E1CBB70BF7,0,0,0,0,neodev,,,,,,,0,,1.0,0
43661460,851C35AF2BB6847A5A177E0B4883CD7E,0,0,0,0,neodev,,,,,,,0,,1.0,0
43667267,2E3EB8CF2E059856274850ECB9537659,0,0,0,0,neodev,,,,,,,0,,1.0,0
43671578,11478003,0,0,0,0,clixsense,,,,,,,0,,1.0,0
43674388,25629B6F1CC4B23E472838DCC118E03B,0,0,0,0,neodev,,,,,,,0,,1.0,0
43679833,BE89F0678086F27D544E98A5532E411B,0,0,0,0,neodev,,,,,,,0,,1.0,0
43680651,788230DBD1D296B0710AB5506CDE15E0,0,0,0,0,neodev,,,,,,,0,,1.0,0
43681153,C450024D589E46295355075356E29B0C,0,0,0,0,neodev,,,,,,,0,,1.0,0
43683868,229454,0,0,0,0,elite,,,,,,,0,,1.0,0
43686812,DEC630B4A5ABC9AD918922EDCDEE9BBA,0,0,0,0,neodev,,,,,,,0,,1.0,0
43689479,229843,0,0,0,0,elite,,,,,,,0,,1.0,0
43690074,E2A67BC8A803B443BE5B53C0735AAA92,0,0,0,0,neodev,,,,,,,0,,1.0,0
43692556,A636057ECA92374DAA86FF6CD252D13D,0,0,0,0,neodev,,,,,,,0,,1.0,0
43694674,230274,0,0,0,0,elite,,,,,,,0,,1.0,0
43696464,0C0193553ED384FEAA86FF6CD252D13D,0,0,0,0,neodev,,,,,,,0,,1.0,0
43696860,230433,0,0,0,0,elite,,,,,,,0,,1.0,0
43697448,B93F1235C3229AD930A97108728B0765,0,0,0,0,neodev,,,,,,,0,,1.0,0
43697882,230533,0,0,0,0,elite,,,,,,,0,,1.0,0
43698846,E61F27BB8645A59D64EA4109F71985C3,0,0,0,0,neodev,,,,,,,0,,1.0,0
43700184,814283,0,0,0,0,gifthunterclub,,,,,,,0,,1.0,0
43703303,230967,0,0,0,0,elite,,,,,,,0,,1.0,0
43714543,817174,0,0,0,0,gifthunterclub,,,,,,,0,,1.0,0
43715135,231867,0,0,0,0,elite,,,,,,,0,,1.0,0
43715235,29EAE9EFD4477F1A5213CA1A0E82036F,0,0,0,0,neodev,,,,,,,0,,1.0,0
43715799,397ECE9468B0B3B42C49F30A9F655560,0,0,0,0,neodev,,,,,,,0,,1.0,0
43718645,4E8CC48956BBE246C72447F05A7256A4,0,0,0,0,neodev,,,,,,,0,,1.0,0
43721655,0253549A060EFDCD3C3F520A53732EBF,0,0,0,0,neodev,,,,,,,0,,1.0,0
43721661,B956E7D4B7476A3564EA4109F71985C3,0,0,0,0,neodev,,,,,,,0,,1.0,0
43721855,228016,0,0,0,0,elite,,,,,,,0,,1.0,0
43722811,232637,0,0,0,0,elite,,,,,,,0,,1.0,0
43723980,11574115,0,0,0,0,clixsense,,,,,,,0,,1.0,0
43724534,72DA7CD00914CA2030A97108728B0765,0,0,0,0,neodev,,,,,,,0,,1.0,0
43726491,11578457,0,0,0,0,clixsense,,,,,,,0,,1.0,0
43730778,233409,0,0,0,0,elite,,,,,,,0,,1.0,0
43731048,233432,0,0,0,0,elite,,,,,,,0,,1.0,0
43731372,08212AC3D05FC15E78DA480E7D9ACC4E,0,0,0,0,neodev,,,,,,,0,,1.0,0
43735838,935A2AB78893CCE9D4ACF736FDEB0260,0,0,0,0,neodev,,,,,,,0,,1.0,0
43737418,DD08656E9DAF0C43EBC9CC3502AAAE3A,0,0,0,0,neodev,,,,,,,0,,1.0,0
43738695,11602729,0,0,0,0,clixsense,,,,,,,0,,1.0,0
43739095,AF44DE9A55B963AEC72447F05A7256A4,0,0,0,0,neodev,,,,,,,0,,1.0,0
43744241,C274E9A673F12BAC09A3246400FC988C,0,0,0,0,neodev,,,,,,,0,,1.0,0
43745923,935A2AB78893CCE9646998E1CBB70BF7,0,0,0,0,neodev,,,,,,,0,,1.0,0
43750045,11628094,0,0,0,0,clixsense,,,,,,,0,,1.0,0
43754037,B27CAD4BAC554E3DDEE40461DA32D81A,0,0,0,0,neodev,,,,,,,0,,1.0,0
43765696,236459,0,0,0,0,elite,,,,,,,0,,1.0,0
43768625,521907EC962EDEA0CE3844F281772807,0,0,0,0,neodev,,,,,,,0,,1.0,0
43768731,rjgo37,1,0,0,0,instagc,VEN,07,Valencia,190.199.200.91,,,0,,1.0,0
43769809,4598178D4F0ABD780190D045FA0FE982,0,0,0,0,neodev,,,,,,,0,,1.0,0
43770936,2EE4DBAF095C428A1469C240903A77DC,0,0,0,0,neodev,,,,,,,0,,1.0,0
43771760,17B09C9AA689178F3C3F520A53732EBF,0,0,0,0,neodev,,,,,,,0,,1.0,0
43772050,F612B4A34679A6FE204CFC72B9696897,0,0,0,0,neodev,,,,,,,0,,1.0,0
43776072,B3506ECECE3CC726498878444F81137D,0,0,0,0,neodev,,,,,,,0,,1.0,0
43780929,909CEA17C6AA96F4F063FCF4079B2070,0,0,0,0,neodev,,,,,,,0,,1.0,0
43783953,A04C8E4B39C6E27BAA5E3A041481982C,0,0,0,0,neodev,,,,,,,0,,1.0,0
43785484,6BF97B9D7F5924E7274850ECB9537659,0,0,0,0,neodev,,,,,,,0,,1.0,0
43787115,238084,0,0,0,0,elite,,,,,,,0,,1.0,0
43787822,238150,0,0,0,0,elite,,,,,,,0,,1.0,0
43789100,373F37C1506B488987D9602DE7E4D81B,0,0,0,0,neodev,,,,,,,0,,1.0,0
43792348,238501,0,0,0,0,elite,,,,,,,0,,1.0,0
43793754,238612,0,0,0,0,elite,,,,,,,0,,1.0,0
43796420,DA79A1A79D94E07E6E334AF42C1D2A3F,0,0,0,0,neodev,,,,,,,0,,1.0,0
43799788,11716236,0,0,0,0,clixsense,,,,,,,0,,1.0,0
43799932,A7008B1509F7BB9F918922EDCDEE9BBA,1,0,0,0,neodev,EGY,"","",41.238.82.77,3/12/2018 09:47:20,3/12/2018 09:47:20,0,"One main aspect of the task was to find some individual keywords, but the worker didn’t write one single word in the provided input-fields. That is not acceptable because it was clarified in the instructions twice. We are sorry!",1.0,0
43800474,0D9B3070AFC3AC0BB2BF0A8E0CA6A523,0,0,0,0,neodev,,,,,,,0,,1.0,0
43802562,11711697,0,0,0,0,clixsense,,,,,,,0,,1.0,0
43805776,11726333,0,0,0,0,clixsense,,,,,,,0,,1.0,0
43810116,1A43D88677B312643A7EF6E57C5562DE,0,0,0,0,neodev,,,,,,,0,,1.0,0
43810135,60237FFD8B3406FAAA86FF6CD252D13D,0,0,0,0,neodev,,,,,,,0,,1.0,0
43811497,A49BDE28EDE242EE143E2E32438F3B0E,0,0,0,0,neodev,,,,,,,0,,1.0,0
43811800,B8AAEE94907DE71DB6CD945299117BED,0,0,0,0,neodev,,,,,,,0,,1.0,0
43811891,03F5E58C105646A36B390050D52FDAD3,0,0,0,0,neodev,,,,,,,0,,1.0,0
43813345,6DDAAEFB3B06A35FB61ED642EC5D9C7B,0,0,0,0,neodev,,,,,,,0,,1.0,0
43813415,8F6F07DF2E61327EEBC9CC3502AAAE3A,0,0,0,0,neodev,,,,,,,0,,1.0,0
43823385,4D413856AEE65BCBBE2CB08758655D00,0,0,0,0,neodev,,,,,,,0,,1.0,0
43825645,6683D3D73CA5CB27274850ECB9537659,0,0,0,0,neodev,,,,,,,0,,1.0,0
43825820,241018,0,0,0,0,elite,,,,,,,0,,1.0,0
43833779,026950AB0504324EF063FCF4079B2070,0,0,0,0,neodev,,,,,,,0,,1.0,0
43834026,62EBAC5E9965717D1C4225EF31E8C1E3,0,0,0,0,neodev,,,,,,,0,,1.0,0
43834796,0C1007DB0BDDBF4BD4AEAD5A57F84A6A,0,0,0,0,neodev,,,,,,,0,,1.0,0
43835479,2FDC1045DD3B376A11A1B4E358E036AF,0,0,0,0,neodev,,,,,,,0,,1.0,0
43840676,B3A339DC2B1BED8199DD719F52F9B821,0,0,0,0,neodev,,,,,,,0,,1.0,0
43842607,242388,0,0,0,0,elite,,,,,,,0,,1.0,0
43845621,11747531,0,0,0,0,clixsense,,,,,,,0,,1.0,0
43847974,239996,0,0,0,0,elite,,,,,,,0,,1.0,0
43848126,242932,0,0,0,0,elite,,,,,,,0,,1.0,0
43848990,11810210,0,0,0,0,clixsense,,,,,,,0,,1.0,0
43849449,10B74245958F371C4B7AEA85440565A3,0,0,0,0,neodev,,,,,,,0,,1.0,0
43853390,D6479DDB2D9F6014999200CE4C413AA0,0,0,0,0,neodev,,,,,,,0,,1.0,0
43855541,FB63FB1EFF251143B0D4CB6DCC18E8F9,0,0,0,0,neodev,,,,,,,0,,1.0,0
43855959,11807464,0,0,0,0,clixsense,,,,,,,0,,1.0,0
43856592,9422C3184BD8EB271C4225EF31E8C1E3,0,0,0,0,neodev,,,,,,,0,,1.0,0
43858282,37ABBA62C8A2893A646998E1CBB70BF7,0,0,0,0,neodev,,,,,,,0,,1.0,0
43858968,5056CB963EC670CE6B390050D52FDAD3,0,0,0,0,neodev,,,,,,,0,,1.0,0
43860088,2E2B7BA93A5D26EFF063FCF4079B2070,0,0,0,0,neodev,,,,,,,0,,1.0,0
43860667,9E6F60FD3FA9FE53951EB4356D7835FF,0,0,0,0,neodev,,,,,,,0,,1.0,0
43862831,244712,0,0,0,0,elite,,,,,,,0,,1.0,0
43863256,CB60CE1DA247C1165355075356E29B0C,0,0,0,0,neodev,,,,,,,0,,1.0,0
43864044,15AB7E7DF6E9921F228BDA32B94EEF9C,0,0,0,0,neodev,,,,,,,0,,1.0,0
43864131,244882,0,0,0,0,elite,,,,,,,0,,1.0,0
43865665,F3207FDE07E18907EBC9CC3502AAAE3A,0,0,0,0,neodev,,,,,,,0,,1.0,0
43865851,5645B260A363929DBE2CB08758655D00,0,0,0,0,neodev,,,,,,,0,,1.0,0
43866236,245074,0,0,0,0,elite,,,,,,,0,,1.0,0
43866411,2B4C102C139C7FA109A3246400FC988C,0,0,0,0,neodev,,,,,,,0,,1.0,0
43866688,ECE76461D85B4A02204CFC72B9696897,0,0,0,0,neodev,,,,,,,0,,1.0,0
43867360,240762,0,0,0,0,elite,,,,,,,0,,1.0,0
43872364,86C9F94020A56A3FEBC9CC3502AAAE3A,0,0,0,0,neodev,,,,,,,0,,1.0,0
43875154,7EE8331294C8F58313B45070835AF903,0,0,0,0,neodev,,,,,,,0,,1.0,0
43875242,245854,0,0,0,0,elite,,,,,,,0,,1.0,0
43876807,48FB2CBD86458943DE1C1F776E860E31,0,0,0,0,neodev,,,,,,,0,,1.0,0
43879262,246215,0,0,0,0,elite,,,,,,,0,,1.0,0
43879389,565D5BA5F55BD694168F3D181200FF42,0,0,0,0,neodev,,,,,,,0,,1.0,0
43882715,11874935,0,0,0,0,clixsense,,,,,,,0,,1.0,0
43888433,246850,0,0,0,0,elite,,,,,,,0,,1.0,0
43888560,89FC7EE05EB79CD96E334AF42C1D2A3F,0,0,0,0,neodev,,,,,,,0,,1.0,0
43888701,CDFA9C563885F04DEEFE8AB986B65DBB,0,0,0,0,neodev,,,,,,,0,,1.0,0
43890521,18296A235B599BA011A1B4E358E036AF,0,0,0,0,neodev,,,,,,,0,,1.0,0
43892031,11826267,0,0,0,0,clixsense,,,,,,,0,,1.0,0
43892640,Taniusik91,0,0,0,0,instagc,,,,,,,0,,1.0,0
43893057,247502,0,0,0,0,elite,,,,,,,0,,1.0,0
43893402,247555,0,0,0,0,elite,,,,,,,0,,1.0,0
43894438,452E0790E4DD6C04F06B70C799F068EE,0,0,0,0,neodev,,,,,,,0,,1.0,0
43895929,FE9E827FF6AEA119168F3D181200FF42,0,0,0,0,neodev,,,,,,,0,,1.0,0
43896492,FFF66FA5EBE5511899DD719F52F9B821,0,0,0,0,neodev,,,,,,,0,,1.0,0
43899567,C304EE53CEBABB99999200CE4C413AA0,0,0,0,0,neodev,,,,,,,0,,1.0,0
43901503,23731A9D4658237A16C8E61001D64B85,0,0,0,0,neodev,,,,,,,0,,1.0,0
43903067,C1EF06BB426070203C3F520A53732EBF,0,0,0,0,neodev,,,,,,,0,,1.0,0
43903836,B5929E65D140A1EC143E2E32438F3B0E,0,0,0,0,neodev,,,,,,,0,,1.0,0
43906931,248873,0,0,0,0,elite,,,,,,,0,,1.0,0
43911409,11926638,0,0,0,0,clixsense,,,,,,,0,,1.0,0
43912159,F386C349B260C1115A177E0B4883CD7E,0,0,0,0,neodev,,,,,,,0,,1.0,0
43913099,Ts011002,0,0,0,0,test_rprocess,,,,,,,0,,1.0,0
43914099,249513,0,0,0,0,elite,,,,,,,0,,1.0,0
43916099,590FC7EB6D97AD3711A1B4E358E036AF,0,0,0,0,neodev,,,,,,,0,,1.0,0
43922992,250296,0,0,0,0,elite,,,,,,,0,,1.0,0
43924335,11949190,0,0,0,0,clixsense,,,,,,,0,,1.0,0
43928055,8E1D0CF29372AEAFF0151B03A5AFE764,0,0,0,0,neodev,,,,,,,0,,1.0,0
43937009,65AD2B3B34A85564646998E1CBB70BF7,0,0,0,0,neodev,,,,,,,0,,1.0,0
43937607,251414,0,0,0,0,elite,,,,,,,0,,1.0,0
43937730,5A405BDDC53F7707710AB5506CDE15E0,0,0,0,0,neodev,,,,,,,0,,1.0,0
43939462,19BF89535AE245FF1469C240903A77DC,0,0,0,0,neodev,,,,,,,0,,1.0,0
43939582,F0AB53CC3228041CDE1C1F776E860E31,0,0,0,0,neodev,,,,,,,0,,1.0,0
43948922,6E414E221C6303925A177E0B4883CD7E,0,0,0,0,neodev,,,,,,,0,,1.0,0
43949490,11945404,0,0,0,0,clixsense,,,,,,,0,,1.0,0
43949611,11990536,0,0,0,0,clixsense,,,,,,,0,,1.0,0
43951421,becksmoll,0,0,0,0,instagc,,,,,,,0,,1.0,0
43951506,252444,0,0,0,0,elite,,,,,,,0,,1.0,0
43953486,252616,0,0,0,0,elite,,,,,,,0,,1.0,0
43955371,0EE7CD6C8B4B05DD544E98A5532E411B,0,0,0,0,neodev,,,,,,,0,,1.0,0
43958918,C7BE4CA10AC19BC5BE2CB08758655D00,0,0,0,0,neodev,,,,,,,0,,1.0,0
43959676,ED0A2CB89EF9DB47BACEFE911F27E775,0,0,0,0,neodev,,,,,,,0,,1.0,0
43960286,253172,0,0,0,0,elite,,,,,,,0,,1.0,0
43961434,AB9CB0907C3B3C6530A97108728B0765,0,0,0,0,neodev,,,,,,,0,,1.0,0
43961679,9C7030F0443B31E1918922EDCDEE9BBA,0,0,0,0,neodev,,,,,,,0,,1.0,0
43963750,253488,0,0,0,0,elite,,,,,,,0,,1.0,0
43964678,12021753,0,0,0,0,clixsense,,,,,,,0,,1.0,0
43970408,253996,0,0,0,0,elite,,,,,,,0,,1.0,0
43971827,E3701836A31A014D951EB4356D7835FF,0,0,0,0,neodev,,,,,,,0,,1.0,0
43973054,254192,0,0,0,0,elite,,,,,,,0,,1.0,0
43974266,3C6862BB8E2FE98EBC6DC3AAB9FA15F9,0,0,0,0,neodev,,,,,,,0,,1.0,0
43975115,879786,0,0,0,0,gifthunterclub,,,,,,,0,,1.0,0
43975153,976A5136E14AC155EBC9CC3502AAAE3A,0,0,0,0,neodev,,,,,,,0,,1.0,0
43976000,12039856,0,0,0,0,clixsense,,,,,,,0,,1.0,0
43976649,5229A0E54B0F24EBD99EEBCE27EEBEB5,0,0,0,0,neodev,,,,,,,0,,1.0,0
43978092,DA55C0FB21699264951EB4356D7835FF,0,0,0,0,neodev,,,,,,,0,,1.0,0
43978656,254680,0,0,0,0,elite,,,,,,,0,,1.0,0
43984052,255192,0,0,0,0,elite,,,,,,,0,,1.0,0
43984331,5A9A84E1F339A8EB99DD719F52F9B821,0,0,0,0,neodev,,,,,,,0,,1.0,0
43985358,255100,0,0,0,0,elite,,,,,,,0,,1.0,0
43985667,669B4F4F9F0F9A068C872C89F84C52C0,0,0,0,0,neodev,,,,,,,0,,1.0,0
43988022,12058564,0,0,0,0,clixsense,,,,,,,0,,1.0,0
43997590,12065802,0,0,0,0,clixsense,,,,,,,0,,1.0,0
43999262,256428,0,0,0,0,elite,,,,,,,0,,1.0,0
44001821,5AE35CE624442A5213B45070835AF903,1,0,0,0,neodev,VEN,"","",201.209.57.71,3/12/2018 09:30:27,3/12/2018 09:30:27,0,"First of all, the worker has English level b1 and didn't answer all English test questions (as in the instructions explicit told). He did answer the open-questions by just writing non-sense like ""dgdgdgd"", kdnfkdngdg. That's not acceptable and not worth payment.",1.0,0
44002355,YJesusBarbara,0,0,0,0,instagc,,,,,,,0,,1.0,0
44003821,0A8CF8555CDE2C5D168F3D181200FF42,0,0,0,0,neodev,,,,,,,0,,1.0,0
44004034,256923,0,0,0,0,elite,,,,,,,0,,1.0,0
44006945,69D26C948E15C3F7AA5E3A041481982C,0,0,0,0,neodev,,,,,,,0,,1.0,0
44007944,ECAB9AAA6A1F15AB07CFBA8CB897B0DC,0,0,0,0,neodev,,,,,,,0,,1.0,0
44008134,257255,0,0,0,0,elite,,,,,,,0,,1.0,0
44008308,9DF40B2669E0B2AC87D9602DE7E4D81B,0,0,0,0,neodev,,,,,,,0,,1.0,0
44016462,257916,0,0,0,0,elite,,,,,,,0,,1.0,0
44018348,12108998,0,0,0,0,clixsense,,,,,,,0,,1.0,0
44019509,258081,0,0,0,0,elite,,,,,,,0,,1.0,0
44019702,12110852,0,0,0,0,clixsense,,,,,,,0,,1.0,0
44020057,E7CB94270B3E9B18C338D6D1E28E12C0,0,0,0,0,neodev,,,,,,,0,,1.0,0
44020103,1932ABD9BC1517D93A7EF6E57C5562DE,0,0,0,0,neodev,,,,,,,0,,1.0,0
44020351,1932ABD9BC1517D9BE2CB08758655D00,0,0,0,0,neodev,,,,,,,0,,1.0,0
44022844,A121AF35BA0C588373E05796892CA53D,0,0,0,0,neodev,,,,,,,0,,1.0,0
44022904,258541,0,0,0,0,elite,,,,,,,0,,1.0,0
44023537,956E2F4DA3C0A25F0838C9B4A7C5B92A,0,0,0,0,neodev,,,,,,,0,,1.0,0
44024097,E7CB94270B3E9B18472838DCC118E03B,0,0,0,0,neodev,,,,,,,0,,1.0,0
44024767,12119101,0,0,0,0,clixsense,,,,,,,0,,1.0,0
44025222,51B0023EFBAE14303EE02C28A6EE4B57,0,0,0,0,neodev,,,,,,,0,,1.0,0
44026058,EBACC5E5728A7362B61ED642EC5D9C7B,0,0,0,0,neodev,,,,,,,0,,1.0,0
44026154,C836A10C2C43036911A1B4E358E036AF,0,0,0,0,neodev,,,,,,,0,,1.0,0
44026372,5968BA3D08914480E0643075F37BEF58,0,0,0,0,neodev,,,,,,,0,,1.0,0
44027054,258892,0,0,0,0,elite,,,,,,,0,,1.0,0
44027232,258908,0,0,0,0,elite,,,,,,,0,,1.0,0
44028226,259025,0,0,0,0,elite,,,,,,,0,,1.0,0
44030851,259327,0,0,0,0,elite,,,,,,,0,,1.0,0
44031242,35C67839824FC0E54B7AEA85440565A3,1,0,0,0,neodev,VEN,25,Caracas,190.202.195.232,3/12/2018 09:48:49,3/12/2018 09:48:49,0,"One main aspect of the task was to find some individual keywords, but the worker didn’t write one single word in the provided input-fields. That is not acceptable because it was clarified in the instructions twice. We are sorry!
",1.0,60
44031870,73661F0F166C41DCE6FC12140E27DCCE,1,0,0,0,neodev,EGY,06,Alexandria,45.242.71.208,3/12/2018 09:48:18,3/12/2018 09:48:18,0,"One main aspect of the task was to find some individual keywords, but the worker didn’t write one single word in the provided input-fields. That is not acceptable because it was clarified in the instructions twice. We are sorry!",1.0,60
44034617,EB42009C67DDFF053C3F520A53732EBF,0,0,0,0,neodev,,,,,,,0,,1.0,0
44036014,FB3C5BA9FFEAE565E0643075F37BEF58,0,0,0,0,neodev,,,,,,,0,,1.0,0
44036998,12139134,0,0,0,0,clixsense,,,,,,,0,,1.0,0
44040127,F2DAA557BB2B0BBC5B2F430C4460AB1B,0,0,0,0,neodev,,,,,,,0,,1.0,0
44041208,4B633ED586765477B111F2FF000D7505,2,0,0,0,neodev,VEN,"","",190.77.236.245,3/12/2018 09:43:46,3/12/2018 09:43:46,0,"One main aspect of the task was to find some individual keywords, but the worker didn’t write one single word in the provided input-fields. That is not acceptable because it was clarified in the instructions twice. We are sorry!",1.0,60
44042424,12148093,0,0,0,0,clixsense,,,,,,,0,,1.0,0
44043577,12145799,0,0,0,0,clixsense,,,,,,,0,,1.0,0
44044596,F11105373E4FA34E826BDFD07EE23BF9,0,0,0,0,neodev,,,,,,,0,,1.0,0
44047297,6BC340CAC5DB93E82C49F30A9F655560,1,0,0,0,neodev,EGY,"","",41.176.125.229,3/12/2018 09:51:02,3/12/2018 09:51:02,0,"One main aspect of the task was to find some individual keywords, but the worker didn’t write one single word in the provided input-fields. That is not acceptable because it was clarified in the instructions twice. We are sorry!",1.0,0
44047879,270A435C6CAB8C693C3F520A53732EBF,0,0,0,0,neodev,,,,,,,0,,1.0,0
44049811,261368,0,0,0,0,elite,,,,,,,0,,1.0,0
44049964,261382,0,0,0,0,elite,,,,,,,0,,1.0,0
44050421,261426,0,0,0,0,elite,,,,,,,0,,1.0,0
44050962,96DA3A845D9B50B9CE3844F281772807,0,0,0,0,neodev,,,,,,,0,,1.0,0
44051511,12162170,0,0,0,0,clixsense,,,,,,,0,,1.0,0
44051841,261533,0,0,0,0,elite,,,,,,,0,,1.0,0
44052040,AE3EE0C3E469E3788D7FCC5998E70925,0,0,0,0,neodev,,,,,,,0,,1.0,0
44052598,261606,0,0,0,0,elite,,,,,,,0,,1.0,0
44053287,261713,0,0,0,0,elite,,,,,,,0,,1.0,0
44056817,F02E08799642B36EDC1CF3E1D84EE58C,0,0,0,0,neodev,,,,,,,0,,1.0,0
44056847,262276,0,0,0,0,elite,,,,,,,0,,1.0,0
44057719,1F4CA7D6A7A5BBD5AA86FF6CD252D13D,0,0,0,0,neodev,,,,,,,0,,1.0,0
44057786,A0CA0C70762DDDF0710AB5506CDE15E0,0,0,0,0,neodev,,,,,,,0,,1.0,0
44057837,8C068864DDA15F5CD484BCC6EFBF03F5,0,0,0,0,neodev,,,,,,,0,,1.0,0
44058258,2465C9BCD3D3ACF62C49F30A9F655560,0,0,0,0,neodev,,,,,,,0,,1.0,0
44059520,7EABE450F14C2638494FC5F3416EDE71,0,0,0,0,neodev,,,,,,,0,,1.0,0
44059654,262595,0,0,0,0,elite,,,,,,,0,,1.0,0
44059788,D9EFC81599719473890DB111AF121511,0,0,0,0,neodev,,,,,,,0,,1.0,0
44060120,6962C6092A7B3097204CFC72B9696897,0,0,0,0,neodev,,,,,,,0,,1.0,0
44061075,262762,0,0,0,0,elite,,,,,,,0,,1.0,0
44062380,DC60C206858498BB4871439227C458B1,0,0,0,0,neodev,,,,,,,0,,1.0,0
44062955,262986,0,0,0,0,elite,,,,,,,0,,1.0,0
44063889,C46FBE1246A5A7BFEBC9CC3502AAAE3A,0,0,0,0,neodev,,,,,,,0,,1.0,0
44066061,D9316AF82CC2CD111C4225EF31E8C1E3,0,0,0,0,neodev,,,,,,,0,,1.0,0
44066990,9AA5908CE1B17CCC52A6F24AA52E306B,0,0,0,0,neodev,,,,,,,0,,1.0,0
44067049,897996,0,0,0,0,gifthunterclub,,,,,,,0,,1.0,0
44070249,6FBA230749A8BF05228BDA32B94EEF9C,0,0,0,0,neodev,,,,,,,0,,1.0,0
44071374,A1507612857F2746807A1C1B93AA3314,0,0,0,0,neodev,,,,,,,0,,1.0,0
44072548,264068,1,0,0,0,elite,VEN,13,Barquisimeto,190.200.179.151,3/12/2018 09:50:08,3/12/2018 09:50:08,0,"One main aspect of the task was to find some individual keywords, but the worker didn’t write one single word in the provided input-fields. That is not acceptable because it was clarified in the instructions twice. We are sorry!",1.0,0
44072820,A72F61DA97C4A8314871439227C458B1,0,0,0,0,neodev,,,,,,,0,,1.0,0
44076036,264474,0,0,0,0,elite,,,,,,,0,,1.0,0
44076544,264528,0,0,0,0,elite,,,,,,,0,,1.0,0
44077656,12207497,0,0,0,0,clixsense,,,,,,,0,,1.0,0
44081412,264593,0,0,0,0,elite,,,,,,,0,,1.0,0
44087180,12225488,0,0,0,0,clixsense,,,,,,,0,,1.0,0
44090256,28B69DB369BA954864EA4109F71985C3,0,0,0,0,neodev,,,,,,,0,,1.0,0
44092448,371C2F86923A6E60E6FC12140E27DCCE,0,0,0,0,neodev,,,,,,,0,,1.0,0
44097834,79A07437F6763433B61ED642EC5D9C7B,0,0,0,0,neodev,,,,,,,0,,1.0,0
44098791,266703,0,0,0,0,elite,,,,,,,0,,1.0,0
44101546,1922306900A2453916C8E61001D64B85,0,0,0,0,neodev,,,,,,,0,,1.0,0
44101988,12249085,0,0,0,0,clixsense,,,,,,,0,,1.0,0
44102689,267088,0,0,0,0,elite,,,,,,,0,,1.0,0
44103640,FE8333C1BF3A4C8607CFBA8CB897B0DC,0,0,0,0,neodev,,,,,,,0,,1.0,0
44104112,968904587A0F93483A7EF6E57C5562DE,0,0,0,0,neodev,,,,,,,0,,1.0,0
44104403,905119,0,0,0,0,gifthunterclub,,,,,,,0,,1.0,0
44106349,CC6145BB28CC469A5A177E0B4883CD7E,0,0,0,0,neodev,,,,,,,0,,1.0,0
44110517,DF758C0C15514B0F008D8D1D7EF00A28,0,0,0,0,neodev,,,,,,,0,,1.0,0
44115144,268247,0,0,0,0,elite,,,,,,,0,,1.0,0
44117471,4CF91908169D997018E09C610F0867AA,0,0,0,0,neodev,,,,,,,0,,1.0,0
44118946,268752,0,0,0,0,elite,,,,,,,0,,1.0,0
44120174,4BBBB570A42AD2D8E072395DC2023399,0,0,0,0,neodev,,,,,,,0,,1.0,0
44120664,268944,0,0,0,0,elite,,,,,,,0,,1.0,0
44123212,12270737,1,0,0,0,clixsense,IND,02,Vijayawada,175.101.104.151,,,0,,1.0,0
44123721,269313,0,0,0,0,elite,,,,,,,0,,1.0,0
44123988,269340,0,0,0,0,elite,,,,,,,0,,1.0,0
44124707,A74F3F6D0BDABFC7DEF77F94FE295A6E,0,0,0,0,neodev,,,,,,,0,,1.0,0
44125741,269525,0,0,0,0,elite,,,,,,,0,,1.0,0
44128324,12286411,0,0,0,0,clixsense,,,,,,,0,,1.0,0
44129302,274273D42E40495318E09C610F0867AA,0,0,0,0,neodev,,,,,,,0,,1.0,0
44131483,B49F9611B082963F96031965FDA9D41F,0,0,0,0,neodev,,,,,,,0,,1.0,0
44132150,AAC08BF672AFCA7FDEC62BDF2B4C9E80,0,0,0,0,neodev,,,,,,,0,,1.0,0
44135613,12302116,0,0,0,0,clixsense,,,,,,,0,,1.0,0
44136063,3517B50CC6DBADA0A72773646D413314,0,0,0,0,neodev,,,,,,,0,,1.0,0
44137690,FB6090EEC44F819F204CFC72B9696897,0,0,0,0,neodev,,,,,,,0,,1.0,0
44138323,5F7A87233D45F2315A177E0B4883CD7E,0,0,0,0,neodev,,,,,,,0,,1.0,0
44138610,81F878C159F2E9521C4225EF31E8C1E3,0,0,0,0,neodev,,,,,,,0,,1.0,0
44139056,1128D4EF6DAED03E807A1C1B93AA3314,0,0,0,0,neodev,,,,,,,0,,1.0,0
44139205,51B767E26D3FE9C1B6CD945299117BED,1,0,0,0,neodev,VEN,23,Cabimas,190.207.4.83,3/12/2018 09:45:31,3/12/2018 09:45:31,0,"One main aspect of the task was to find some individual keywords, but the worker didn’t write one single word in the provided input-fields. That is not acceptable because it was clarified in the instructions twice. We are sorry!",1.0,60
44140830,44518A8FCE40B0A86B390050D52FDAD3,0,0,0,0,neodev,,,,,,,0,,1.0,0
44142711,271598,0,0,0,0,elite,,,,,,,0,,1.0,0
44143371,271662,0,0,0,0,elite,,,,,,,0,,1.0,0
44146936,E2735CBC8DF2064952A6F24AA52E306B,0,0,0,0,neodev,,,,,,,0,,1.0,0
44149739,271945,0,0,0,0,elite,,,,,,,0,,1.0,0
44155512,554DCF19B5549E714B7AEA85440565A3,0,0,0,0,neodev,,,,,,,0,,1.0,0
44155727,82491FC3B54670A0B61ED642EC5D9C7B,0,0,0,0,neodev,,,,,,,0,,1.0,0
44156208,272150,0,0,0,0,elite,,,,,,,0,,1.0,0
44159353,273088,0,0,0,0,elite,,,,,,,0,,1.0,0
44162301,F12E3245B69794BF544E98A5532E411B,0,0,0,0,neodev,,,,,,,0,,1.0,0
44166066,273781,0,0,0,0,elite,,,,,,,0,,1.0,0
44168293,274007,0,0,0,0,elite,,,,,,,0,,1.0,0
44168429,274021,0,0,0,0,elite,,,,,,,0,,1.0,0
44170236,274202,0,0,0,0,elite,,,,,,,0,,1.0,0
44174241,F31A4D9F599D0B5A99DD719F52F9B821,0,0,0,0,neodev,,,,,,,0,,1.0,0
44174370,46572BF178E954A7826BDFD07EE23BF9,0,0,0,0,neodev,,,,,,,0,,1.0,0
44174761,274599,0,0,0,0,elite,,,,,,,0,,1.0,0
44175627,274684,0,0,0,0,elite,,,,,,,0,,1.0,0
44179172,80410C5E2A60DEFEB6CD945299117BED,0,0,0,0,neodev,,,,,,,0,,1.0,0
44180313,99F34D917CEC608664EA4109F71985C3,0,0,0,0,neodev,,,,,,,0,,1.0,0
44180389,274895,0,0,0,0,elite,,,,,,,0,,1.0,0
44180646,275183,0,0,0,0,elite,,,,,,,0,,1.0,0
44180838,275216,0,0,0,0,elite,,,,,,,0,,1.0,0
44182779,275407,0,0,0,0,elite,,,,,,,0,,1.0,0
44183036,275395,0,0,0,0,elite,,,,,,,0,,1.0,0
44183586,4B0BCCDD9A82C4AC2EFD2A28AE2C3FB7,1,0,0,0,neodev,EGY,11,Cairo,156.195.188.86,3/12/2018 09:49:26,3/12/2018 09:49:26,0,"One main aspect of the task was to find some individual keywords, but the worker didn’t write one single word in the provided input-fields. That is not acceptable because it was clarified in the instructions twice. We are sorry!

In addition, the worker has just the English level b1 which is (told by the instructions) to low for our task requirement.",1.0,0
44185106,12370060,0,0,0,0,clixsense,,,,,,,0,,1.0,0
44187210,28677E32C8B72322D484BCC6EFBF03F5,0,0,0,0,neodev,,,,,,,0,,1.0,0
44192363,276439,0,0,0,0,elite,,,,,,,0,,1.0,0
44193589,AEFCD78FC2825E8FBC6DC3AAB9FA15F9,0,0,0,0,neodev,,,,,,,0,,1.0,0
44194134,F8B10ABECD4BB5AB6B390050D52FDAD3,0,0,0,0,neodev,,,,,,,0,,1.0,0
44194249,D35257697726C587DE1C1F776E860E31,0,0,0,0,neodev,,,,,,,0,,1.0,0
44195766,DD95EE908CCF475B87D9602DE7E4D81B,0,0,0,0,neodev,,,,,,,0,,1.0,0
44204019,277681,0,0,0,0,elite,,,,,,,0,,1.0,0
44205065,7DFCA39F07B5BEDAEEFE8AB986B65DBB,0,0,0,0,neodev,,,,,,,0,,1.0,0
44206193,277929,0,0,0,0,elite,,,,,,,0,,1.0,0
44208343,278167,0,0,0,0,elite,,,,,,,0,,1.0,0
44210809,BE69EC5B84ABCB873EE02C28A6EE4B57,0,0,0,0,neodev,,,,,,,0,,1.0,0
44213113,12409014,0,0,0,0,clixsense,,,,,,,0,,1.0,0
44216523,38E7B38304C3D52BDEC62BDF2B4C9E80,0,0,0,0,neodev,,,,,,,0,,1.0,0
44216688,658213C29BE40BF3F9D662152EE91CFF,0,0,0,0,neodev,,,,,,,0,,1.0,0
44221604,279907,0,0,0,0,elite,,,,,,,0,,1.0,0
44222164,D247E4275845E029E0643075F37BEF58,0,0,0,0,neodev,,,,,,,0,,1.0,0
44226094,277169,0,0,0,0,elite,,,,,,,0,,1.0,0
44230894,E59F145825C29041CE3844F281772807,0,0,0,0,neodev,,,,,,,0,,1.0,0
44232623,281291,1,0,0,0,elite,VEN,"","",190.79.10.225,3/12/2018 09:49:51,3/12/2018 09:49:51,0,"One main aspect of the task was to find some individual keywords, but the worker didn’t write one single word in the provided input-fields. That is not acceptable because it was clarified in the instructions twice. We are sorry!",1.0,0
44233112,39AC7C5CA069DE075213CA1A0E82036F,0,0,0,0,neodev,,,,,,,0,,1.0,0
44235069,D49184ED6D88AE09807A1C1B93AA3314,0,0,0,0,neodev,,,,,,,0,,1.0,0
44235652,281614,0,0,0,0,elite,,,,,,,0,,1.0,0
44235659,1C43E4F9D5B189EA18E09C610F0867AA,0,0,0,0,neodev,,,,,,,0,,1.0,0
44236300,281701,0,0,0,0,elite,,,,,,,0,,1.0,0
44244065,414D9860900858C4C338D6D1E28E12C0,0,0,0,0,neodev,,,,,,,0,,1.0,0
44250324,94EDEDACE07289DA6BDCD589D6BB8CA1,0,0,0,0,neodev,,,,,,,0,,1.0,0
44251435,283236,0,0,0,0,elite,,,,,,,0,,1.0,0
44253782,1163046,0,0,0,0,bitcoinget,,,,,,,0,,1.0,0
44254107,A4B6339DBE8D4A5FB2BF0A8E0CA6A523,0,0,0,0,neodev,,,,,,,0,,1.0,0
44255644,21C4B7460EAEE7D3228BDA32B94EEF9C,0,0,0,0,neodev,,,,,,,0,,1.0,0
44255706,545723C39F10E0CD78DA480E7D9ACC4E,0,0,0,0,neodev,,,,,,,0,,1.0,0
44256004,1026CFD019CDCB38DEF77F94FE295A6E,0,0,0,0,neodev,,,,,,,0,,1.0,0
44257369,12479649,0,0,0,0,clixsense,,,,,,,0,,1.0,0
44258107,283044,0,0,0,0,elite,,,,,,,0,,1.0,0
44258248,08A6A1816986D2BEBE2CB08758655D00,0,0,0,0,neodev,,,,,,,0,,1.0,0
44259349,285250,0,0,0,0,elite,,,,,,,0,,1.0,0
44259631,285366,0,0,0,0,elite,,,,,,,0,,1.0,0
44260656,285876,0,0,0,0,elite,,,,,,,0,,1.0,0
44260930,2C6B44738C2C68EB99DD719F52F9B821,0,0,0,0,neodev,,,,,,,0,,1.0,0
44261950,12489524,0,0,0,0,clixsense,,,,,,,0,,1.0,0
44265292,F84D44B692F8989A78DA480E7D9ACC4E,0,0,0,0,neodev,,,,,,,0,,1.0,0
44265529,A747A7662AC5F458DEF77F94FE295A6E,0,0,0,0,neodev,,,,,,,0,,1.0,0
44265541,287012,0,0,0,0,elite,,,,,,,0,,1.0,0
44266523,12515180,0,0,0,0,clixsense,,,,,,,0,,1.0,0
44267465,12517038,0,0,0,0,clixsense,,,,,,,0,,1.0,0
44269380,288467,0,0,0,0,elite,,,,,,,0,,1.0,0
44269589,287510,0,0,0,0,elite,,,,,,,0,,1.0,0
44269865,10EAB499B2F462416BDCD589D6BB8CA1,0,0,0,0,neodev,,,,,,,0,,1.0,0
44274707,C76D4A1DF6D4105E498878444F81137D,0,0,0,0,neodev,,,,,,,0,,1.0,0
44274943,C92460F5C93190430838C9B4A7C5B92A,0,0,0,0,neodev,,,,,,,0,,1.0,0
44279150,12534218,0,0,0,0,clixsense,,,,,,,0,,1.0,0
44279510,41094052C107CFB08C872C89F84C52C0,0,0,0,0,neodev,,,,,,,0,,1.0,0
44279580,288398,0,0,0,0,elite,,,,,,,0,,1.0,0
44283143,DEE665A3108767EF646998E1CBB70BF7,0,0,0,0,neodev,,,,,,,0,,1.0,0
44284360,grassl19@gw.uni-passau.de,0,0,0,0,cf_internal,,,,,,,0,,1.0,0
44285136,5607E8DBF80F8EA45A177E0B4883CD7E,0,0,0,0,neodev,,,,,,,0,,1.0,0
44293012,291360,0,0,0,0,elite,,,,,,,0,,1.0,0
44302914,57A53522F7C2D57330A97108728B0765,0,0,0,0,neodev,,,,,,,0,,1.0,0
44303148,292333,0,0,0,0,elite,,,,,,,0,,1.0,0
44304422,57A53522F7C2D573472838DCC118E03B,0,0,0,0,neodev,,,,,,,0,,1.0,0
44305906,6187CC6F4EB6C17C008D8D1D7EF00A28,0,0,0,0,neodev,,,,,,,0,,1.0,0
44310840,C201F5B87021B6318FB2D67A827566BC,0,0,0,0,neodev,,,,,,,0,,1.0,0
44311357,293310,0,0,0,0,elite,,,,,,,0,,1.0,0
44311819,BD15AD07078321CCB2BF0A8E0CA6A523,0,0,0,0,neodev,,,,,,,0,,1.0,0
44312157,293972,0,0,0,0,elite,,,,,,,0,,1.0,0
44312652,293618,0,0,0,0,elite,,,,,,,0,,1.0,0
44317210,12575591,0,0,0,0,clixsense,,,,,,,0,,1.0,0
44319109,295230,0,0,0,0,elite,,,,,,,0,,1.0,0
44319268,295276,0,0,0,0,elite,,,,,,,0,,1.0,0
44321127,02FF8DC670A69352DEE40461DA32D81A,0,0,0,0,neodev,,,,,,,0,,1.0,0
44322774,295804,0,0,0,0,elite,,,,,,,0,,1.0,0
44322792,295814,0,0,0,0,elite,,,,,,,0,,1.0,0
44327123,25F38F864B7F933D64EA4109F71985C3,0,0,0,0,neodev,,,,,,,0,,1.0,0
44327606,949770,0,0,0,0,gifthunterclub,,,,,,,0,,1.0,0
44327945,3DC13B07C981CFA752A6F24AA52E306B,0,0,0,0,neodev,,,,,,,0,,1.0,0
44328616,F28F55ACE3980B58F9D662152EE91CFF,0,0,0,0,neodev,,,,,,,0,,1.0,0
44329066,296194,0,0,0,0,elite,,,,,,,0,,1.0,0
44330643,CD9CC9B06C5A92B6F063FCF4079B2070,0,0,0,0,neodev,,,,,,,0,,1.0,0
44331661,296745,0,0,0,0,elite,,,,,,,0,,1.0,0
44332018,319912395AD69D1AF0151B03A5AFE764,0,0,0,0,neodev,,,,,,,0,,1.0,0
44333255,C10897F66C6038FF3EE02C28A6EE4B57,0,0,0,0,neodev,,,,,,,0,,1.0,0
44333670,297369,1,0,0,0,elite,VEN,"","",190.78.106.179,3/12/2018 09:46:37,3/12/2018 09:46:37,0,"One main aspect of the task was to find some individual keywords, but the worker didn’t write one single word in the provided input-fields. That is not acceptable because it was clarified in the instructions twice. We are sorry!",1.0,0
44337095,12628966,0,0,0,0,clixsense,,,,,,,0,,1.0,0
44339902,ethylorange,0,0,0,0,instagc,,,,,,,0,,1.0,0
44340010,15365174B2782EECB6CD945299117BED,0,0,0,0,neodev,,,,,,,0,,1.0,0
44340088,298153,0,0,0,0,elite,,,,,,,0,,1.0,0
44340211,84E4FE181CF9A984B0D4CB6DCC18E8F9,0,0,0,0,neodev,,,,,,,0,,1.0,0
44340771,9B367E334D6D4A9B8FB2D67A827566BC,0,0,0,0,neodev,,,,,,,0,,1.0,0
44342247,933BAF1B9A97E1593C3F520A53732EBF,0,0,0,0,neodev,,,,,,,0,,1.0,0
44342316,EE8822C0B275D0CD1C4225EF31E8C1E3,0,0,0,0,neodev,,,,,,,0,,1.0,0
44344221,296803,0,0,0,0,elite,,,,,,,0,,1.0,0
44344427,D919C721DDC6ED5C274850ECB9537659,0,0,0,0,neodev,,,,,,,0,,1.0,0
44345616,6F82A85FA95931710838C9B4A7C5B92A,0,0,0,0,neodev,,,,,,,0,,1.0,0
44345631,298847,0,0,0,0,elite,,,,,,,0,,1.0,0
44346404,60DAE3E1D2C786D5168F3D181200FF42,0,0,0,0,neodev,,,,,,,0,,1.0,0
44346638,298914,0,0,0,0,elite,,,,,,,0,,1.0,0
44346775,1B992384C86313A0BD4231B0CD821AB6,0,0,0,0,neodev,,,,,,,0,,1.0,0
44347677,D0B564C2FFBD406F8C872C89F84C52C0,0,0,0,0,neodev,,,,,,,0,,1.0,0
44349984,50802A7ECF89EDD5544E98A5532E411B,0,0,0,0,neodev,,,,,,,0,,1.0,0
44350038,50802A7ECF89EDD518E09C610F0867AA,0,0,0,0,neodev,,,,,,,0,,1.0,0
44351832,BE3ADEF86FD35B44710AB5506CDE15E0,0,0,0,0,neodev,,,,,,,0,,1.0,0
44353155,78BFEC6B3ED07291DEF77F94FE295A6E,0,0,0,0,neodev,,,,,,,0,,1.0,0
44357967,289061,0,0,0,0,elite,,,,,,,0,,1.0,0
44360250,4567F0FADC441EDDC338D6D1E28E12C0,0,0,0,0,neodev,,,,,,,0,,1.0,0
44360823,655601173A091081951EB4356D7835FF,0,0,0,0,neodev,,,,,,,0,,1.0,0
44361298,8641F397D949F2CDBC6DC3AAB9FA15F9,0,0,0,0,neodev,,,,,,,0,,1.0,0
44367068,9AC0E78E1A78A34EBE2CB08758655D00,0,0,0,0,neodev,,,,,,,0,,1.0,0
44367184,9419DFA632A336064871439227C458B1,0,0,0,0,neodev,,,,,,,0,,1.0,0
44371748,301471,0,0,0,0,elite,,,,,,,0,,1.0,0
44372496,4A91C09AF88DB022BD4231B0CD821AB6,0,0,0,0,neodev,,,,,,,0,,1.0,0
44372558,910C08FC75CF2DE9CE3844F281772807,0,0,0,0,neodev,,,,,,,0,,1.0,0
44373913,9A761C59B3263A853C3F520A53732EBF,0,0,0,0,neodev,,,,,,,0,,1.0,0
44375419,301827,0,0,0,0,elite,,,,,,,0,,1.0,0
44376906,18D63D2C63AAC49D3C3F520A53732EBF,0,0,0,0,neodev,,,,,,,0,,1.0,0
44377994,6AA1088F2B8E1896DEC62BDF2B4C9E80,0,0,0,0,neodev,,,,,,,0,,1.0,0
44380959,C1EF335802485D06D99EEBCE27EEBEB5,0,0,0,0,neodev,,,,,,,0,,1.0,0
44384561,302801,0,0,0,0,elite,,,,,,,0,,1.0,0
44384835,DA3C9F7E9AE7BC1078DA480E7D9ACC4E,0,0,0,0,neodev,,,,,,,0,,1.0,0
44386471,D184041600C60F35274850ECB9537659,0,0,0,0,neodev,,,,,,,0,,1.0,0
44389644,303246,1,0,0,0,elite,VEN,13,Barquisimeto,181.208.127.223,3/12/2018 09:44:41,3/12/2018 09:44:41,0,"One main aspect of the task was to find some individual keywords, but the worker didn’t write one single word in the provided input-fields. That is not acceptable because it was clarified in the instructions twice. We are sorry!

In addition, the worker has just the English level b1 which is (told by the instructions) to low for our task requirement.",1.0,60
